{"r":13,"c":10,"s":{"x":9,"y":12},"f":{"x":9,"y":6},"h":[{"x":9,"y":11},{"x":9,"y":10},{"x":9,"y":9},{"x":9,"y":8},{"x":9,"y":7},{"x":8,"y":7},{"x":7,"y":7},{"x":7,"y":6},{"x":7,"y":5},{"x":7,"y":4},{"x":7,"y":3},{"x":8,"y":3},{"x":9,"y":3},{"x":9,"y":2},{"x":8,"y":2},{"x":7,"y":2},{"x":6,"y":2},{"x":5,"y":2},{"x":4,"y":2},{"x":3,"y":2},{"x":2,"y":2},{"x":2,"y":3},{"x":1,"y":3},{"x":1,"y":4},{"x":1,"y":5},{"x":1,"y":6},{"x":2,"y":6},{"x":3,"y":6},{"x":4,"y":6},{"x":5,"y":6},{"x":6,"y":6},{"x":7,"y":6},{"x":8,"y":6}],"w":[{"o":{"x":3,"y":10},"d":{"x":4,"y":10}},{"o":{"x":6,"y":9},"d":{"x":7,"y":9}},{"o":{"x":7,"y":9},"d":{"x":8,"y":9}},{"o":{"x":3,"y":11},"d":{"x":4,"y":11}},{"o":{"x":4,"y":11},"d":{"x":5,"y":11}},{"o":{"x":3,"y":12},"d":{"x":4,"y":12}},{"o":{"x":4,"y":12},"d":{"x":5,"y":12}},{"o":{"x":2,"y":12},"d":{"x":3,"y":12}},{"o":{"x":5,"y":12},"d":{"x":6,"y":12}},{"o":{"y":12},"d":{"x":1,"y":12}},{"o":{"x":8,"y":8},"d":{"x":9,"y":8}},{"o":{"x":5,"y":8},"d":{"x":6,"y":8}},{"o":{"x":6,"y":8},"d":{"x":7,"y":8}},{"o":{"x":7,"y":8},"d":{"x":8,"y":8}},{"o":{"x":1,"y":8},"d":{"x":2,"y":8}},{"o":{"y":8},"d":{"x":1,"y":8}},{"o":{"x":4,"y":7},"d":{"x":5,"y":7}},{"o":{"x":8,"y":7},"d":{"x":9,"y":7}},{"o":{"x":2,"y":7},"d":{"x":3,"y":7}},{"o":{"x":5,"y":7},"d":{"x":6,"y":7}},{"o":{"x":1,"y":7},"d":{"x":2,"y":7}},{"o":{"x":9,"y":7},"d":{"x":10,"y":7}},{"o":{"x":3,"y":6},"d":{"x":4,"y":6}},{"o":{"x":4,"y":6},"d":{"x":5,"y":6}},{"o":{"x":2,"y":6},"d":{"x":3,"y":6}},{"o":{"x":4,"y":5},"d":{"x":5,"y":5}},{"o":{"x":5,"y":5},"d":{"x":6,"y":5}},{"o":{"x":2,"y":4},"d":{"x":3,"y":4}},{"o":{"x":5,"y":4},"d":{"x":6,"y":4}},{"o":{"x":3,"y":3},"d":{"x":4,"y":3}},{"o":{"x":5,"y":3},"d":{"x":6,"y":3}},{"o":{"x":1,"y":3},"d":{"x":2,"y":3}},{"o":{"x":3,"y":2},"d":{"x":4,"y":2}},{"o":{"x":4,"y":2},"d":{"x":5,"y":2}},{"o":{"x":2,"y":2},"d":{"x":3,"y":2}},{"o":{"x":5,"y":2},"d":{"x":6,"y":2}},{"o":{"x":3,"y":1},"d":{"x":4,"y":1}},{"o":{"x":4,"y":1},"d":{"x":5,"y":1}},{"o":{"x":8,"y":1},"d":{"x":9,"y":1}},{"o":{"x":2,"y":1},"d":{"x":3,"y":1}},{"o":{"x":5,"y":1},"d":{"x":6,"y":1}},{"o":{"x":7,"y":1},"d":{"x":8,"y":1}},{"o":{"x":1,"y":1},"d":{"x":2,"y":1}},{"o":{"x":1,"y":7},"d":{"x":1,"y":6}},{"o":{"x":1,"y":6},"d":{"x":1,"y":5}},{"o":{"x":1,"y":2},"d":{"x":1,"y":1}},{"o":{"x":1,"y":5},"d":{"x":1,"y":4}},{"o":{"x":1,"y":10},"d":{"x":1,"y":9}},{"o":{"x":1,"y":4},"d":{"x":1,"y":3}},{"o":{"x":1,"y":11},"d":{"x":1,"y":10}},{"o":{"x":2,"y":12},"d":{"x":2,"y":11}},{"o":{"x":2,"y":9},"d":{"x":2,"y":8}},{"o":{"x":2,"y":3},"d":{"x":2,"y":2}},{"o":{"x":2,"y":6},"d":{"x":2,"y":5}},{"o":{"x":2,"y":5},"d":{"x":2,"y":4}},{"o":{"x":2,"y":10},"d":{"x":2,"y":9}},{"o":{"x":2,"y":11},"d":{"x":2,"y":10}},{"o":{"x":3,"y":8},"d":{"x":3,"y":7}},{"o":{"x":3,"y":9},"d":{"x":3,"y":8}},{"o":{"x":3,"y":6},"d":{"x":3,"y":5}},{"o":{"x":4,"y":8},"d":{"x":4,"y":7}},{"o":{"x":4,"y":9},"d":{"x":4,"y":8}},{"o":{"x":4,"y":5},"d":{"x":4,"y":4}},{"o":{"x":4,"y":10},"d":{"x":4,"y":9}},{"o":{"x":4,"y":4},"d":{"x":4,"y":3}},{"o":{"x":5,"y":9},"d":{"x":5,"y":8}},{"o":{"x":3,"y":10},"d":{"x":3,"y":9}},{"o":{"x":6,"y":1},"d":{"x":6}},{"o":{"x":5,"y":10},"d":{"x":5,"y":9}},{"o":{"x":5,"y":11},"d":{"x":5,"y":10}},{"o":{"x":6,"y":10},"d":{"x":6,"y":9}},{"o":{"x":6,"y":4},"d":{"x":6,"y":3}},{"o":{"x":6,"y":11},"d":{"x":6,"y":10}},{"o":{"x":6,"y":12},"d":{"x":6,"y":11}},{"o":{"x":7,"y":11},"d":{"x":7,"y":10}},{"o":{"x":7,"y":12},"d":{"x":7,"y":11}},{"o":{"x":7,"y":13},"d":{"x":7,"y":12}},{"o":{"x":8,"y":10},"d":{"x":8,"y":9}},{"o":{"x":8,"y":11},"d":{"x":8,"y":10}},{"o":{"x":8,"y":12},"d":{"x":8,"y":11}},{"o":{"x":9,"y":9},"d":{"x":9,"y":8}},{"o":{"x":9,"y":10},"d":{"x":9,"y":9}},{"o":{"x":9,"y":11},"d":{"x":9,"y":10}},{"o":{"x":9,"y":12},"d":{"x":9,"y":11}},{"o":{"x":10,"y":8},"d":{"x":10,"y":7}},{"o":{"x":10,"y":9},"d":{"x":10,"y":8}},{"o":{"x":10,"y":7},"d":{"x":10,"y":6}},{"o":{"x":10,"y":3},"d":{"x":10,"y":2}},{"o":{"x":10,"y":6},"d":{"x":10,"y":5}},{"o":{"x":10,"y":2},"d":{"x":10,"y":1}},{"o":{"x":10,"y":5},"d":{"x":10,"y":4}},{"o":{"x":10,"y":10},"d":{"x":10,"y":9}},{"o":{"x":10,"y":4},"d":{"x":10,"y":3}},{"o":{"x":10,"y":11},"d":{"x":10,"y":10}},{"o":{"x":10,"y":1},"d":{"x":10}},{"o":{"x":10,"y":12},"d":{"x":10,"y":11}},{"o":{"x":10,"y":13},"d":{"x":10,"y":12}},{"o":{"y":8},"d":{"y":7}},{"o":{"y":9},"d":{"y":8}},{"o":{"y":7},"d":{"y":6}},{"o":{"y":3},"d":{"y":2}},{"o":{"y":6},"d":{"y":5}},{"o":{"y":2},"d":{"y":1}},{"o":{"y":5},"d":{"y":4}},{"o":{"y":10},"d":{"y":9}},{"o":{"y":4},"d":{"y":3}},{"o":{"y":11},"d":{"y":10}},{"o":{"y":1},"d":{}},{"o":{"y":12},"d":{"y":11}},{"o":{"y":13},"d":{"y":12}},{"o":{"x":3},"d":{"x":4}},{"o":{"x":4},"d":{"x":5}},{"o":{"x":8},"d":{"x":9}},{"o":{"x":2},"d":{"x":3}},{"o":{"x":5},"d":{"x":6}},{"o":{"x":6},"d":{"x":7}},{"o":{"x":7},"d":{"x":8}},{"o":{"x":1},"d":{"x":2}},{"o":{},"d":{"x":1}},{"o":{"x":9},"d":{"x":10}},{"o":{"x":3,"y":13},"d":{"x":4,"y":13}},{"o":{"x":4,"y":13},"d":{"x":5,"y":13}},{"o":{"x":8,"y":13},"d":{"x":9,"y":13}},{"o":{"x":2,"y":13},"d":{"x":3,"y":13}},{"o":{"x":5,"y":13},"d":{"x":6,"y":13}},{"o":{"x":6,"y":13},"d":{"x":7,"y":13}},{"o":{"x":7,"y":13},"d":{"x":8,"y":13}},{"o":{"x":1,"y":13},"d":{"x":2,"y":13}},{"o":{"y":13},"d":{"x":1,"y":13}},{"o":{"x":9,"y":13},"d":{"x":10,"y":13}},{"o":{"x":1,"y":12},"d":{"x":1,"y":11}},{"o":{"x":5,"y":6},"d":{"x":6,"y":6}},{"o":{"x":7,"y":3},"d":{"x":8,"y":3}},{"o":{"x":9,"y":2},"d":{"x":10,"y":2}},{"o":{"x":9,"y":5},"d":{"x":10,"y":5}},{"o":{"x":6,"y":6},"d":{"x":6,"y":5}},{"o":{"x":3,"y":11},"d":{"x":3,"y":10}},{"o":{"x":7,"y":8},"d":{"x":7,"y":7}},{"o":{"x":7,"y":5},"d":{"x":7,"y":4}}],"i":[{"x":6.5,"y":6.5},{"x":7.5,"y":6.5},{"x":8.5,"y":6.5},{"x":9.5,"y":6.5},{"x":6.5,"y":5.5},{"x":7.5,"y":5.5},{"x":8.5,"y":5.5},{"x":9.5,"y":5.5},{"x":6.5,"y":4.5},{"x":7.5,"y":4.5},{"x":8.5,"y":4.5},{"x":9.5,"y":4.5},{"x":6.5,"y":3.5},{"x":7.5,"y":3.5},{"x":8.5,"y":3.5},{"x":9.5,"y":3.5},{"x":6.5,"y":2.5},{"x":7.5,"y":2.5},{"x":8.5,"y":2.5},{"x":9.5,"y":2.5},{"x":6.5,"y":1.5},{"x":7.5,"y":1.5},{"x":8.5,"y":1.5},{"x":9.5,"y":1.5}],"e":[],"t":[]}