{"r":23,"c":18,"s":{"x":8,"y":12},"f":{"x":1,"y":2},"h":[{"x":7,"y":12},{"x":6,"y":12},{"x":5,"y":12},{"x":4,"y":12},{"x":3,"y":12},{"x":2,"y":12},{"x":2,"y":13},{"x":2,"y":14},{"x":2,"y":15},{"x":2,"y":16},{"x":2,"y":17},{"x":3,"y":17},{"x":4,"y":17},{"x":5,"y":17},{"x":6,"y":17},{"x":7,"y":17},{"x":8,"y":17},{"x":9,"y":17},{"x":10,"y":17},{"x":11,"y":17},{"x":12,"y":17},{"x":13,"y":17},{"x":14,"y":17},{"x":14,"y":16},{"x":14,"y":15},{"x":14,"y":14},{"x":14,"y":13},{"x":14,"y":12},{"x":14,"y":11},{"x":14,"y":10},{"x":14,"y":9},{"x":14,"y":8},{"x":14,"y":7},{"x":14,"y":6},{"x":14,"y":5},{"x":13,"y":5},{"x":12,"y":5},{"x":11,"y":5},{"x":10,"y":5},{"x":9,"y":5},{"x":8,"y":5},{"x":7,"y":5},{"x":6,"y":5},{"x":5,"y":5},{"x":5,"y":4},{"x":5,"y":3},{"x":5,"y":2},{"x":5,"y":1},{"x":6,"y":1},{"x":7,"y":1},{"x":8,"y":1},{"x":9,"y":1},{"x":10,"y":1},{"x":11,"y":1},{"x":12,"y":1},{"x":13,"y":1},{"x":14,"y":1},{"x":15,"y":1},{"x":16,"y":1},{"x":16,"y":2},{"x":16,"y":3},{"x":16,"y":4},{"x":16,"y":5},{"x":16,"y":6},{"x":16,"y":7},{"x":16,"y":8},{"x":16,"y":9},{"x":16,"y":10},{"x":16,"y":11},{"x":16,"y":12},{"x":16,"y":13},{"x":16,"y":14},{"x":16,"y":15},{"x":16,"y":16},{"x":16,"y":17},{"x":16,"y":18},{"x":16,"y":19},{"x":16,"y":20},{"x":16,"y":21},{"x":15,"y":21},{"x":14,"y":21},{"x":13,"y":21},{"x":12,"y":21},{"x":11,"y":21},{"x":10,"y":21},{"x":9,"y":21},{"x":8,"y":21},{"x":7,"y":21},{"x":6,"y":21},{"x":5,"y":21},{"x":4,"y":21},{"x":3,"y":21},{"x":2,"y":21},{"x":1,"y":21},{"x":1,"y":20},{"x":1,"y":19},{"x":1,"y":18},{"x":1,"y":17},{"x":1,"y":16},{"x":1,"y":15},{"x":1,"y":14},{"x":1,"y":13},{"x":1,"y":12},{"x":1,"y":11},{"x":1,"y":10},{"x":1,"y":9},{"x":1,"y":8},{"x":1,"y":7},{"x":1,"y":6},{"x":1,"y":5},{"x":1,"y":4},{"x":1,"y":3}],"w":[{"o":{"y":23},"d":{"y":22}},{"o":{"y":22},"d":{"y":21}},{"o":{"y":21},"d":{"y":20}},{"o":{"y":20},"d":{"y":19}},{"o":{"y":19},"d":{"y":18}},{"o":{"y":18},"d":{"y":17}},{"o":{"y":17},"d":{"y":16}},{"o":{"y":16},"d":{"y":15}},{"o":{"y":15},"d":{"y":14}},{"o":{"y":14},"d":{"y":13}},{"o":{"y":13},"d":{"y":12}},{"o":{"y":12},"d":{"y":11}},{"o":{"y":11},"d":{"y":10}},{"o":{"y":10},"d":{"y":9}},{"o":{"y":9},"d":{"y":8}},{"o":{"y":8},"d":{"y":7}},{"o":{"y":7},"d":{"y":6}},{"o":{"y":6},"d":{"y":5}},{"o":{"y":5},"d":{"y":4}},{"o":{"y":4},"d":{"y":3}},{"o":{"y":3},"d":{"y":2}},{"o":{"y":2},"d":{"y":1}},{"o":{"y":1},"d":{}},{"o":{"x":18,"y":23},"d":{"x":18,"y":22}},{"o":{"x":18,"y":22},"d":{"x":18,"y":21}},{"o":{"x":18,"y":21},"d":{"x":18,"y":20}},{"o":{"x":18,"y":20},"d":{"x":18,"y":19}},{"o":{"x":18,"y":19},"d":{"x":18,"y":18}},{"o":{"x":18,"y":18},"d":{"x":18,"y":17}},{"o":{"x":18,"y":17},"d":{"x":18,"y":16}},{"o":{"x":18,"y":16},"d":{"x":18,"y":15}},{"o":{"x":18,"y":15},"d":{"x":18,"y":14}},{"o":{"x":18,"y":14},"d":{"x":18,"y":13}},{"o":{"x":18,"y":13},"d":{"x":18,"y":12}},{"o":{"x":18,"y":12},"d":{"x":18,"y":11}},{"o":{"x":18,"y":11},"d":{"x":18,"y":10}},{"o":{"x":18,"y":10},"d":{"x":18,"y":9}},{"o":{"x":18,"y":9},"d":{"x":18,"y":8}},{"o":{"x":18,"y":8},"d":{"x":18,"y":7}},{"o":{"x":18,"y":7},"d":{"x":18,"y":6}},{"o":{"x":18,"y":6},"d":{"x":18,"y":5}},{"o":{"x":18,"y":5},"d":{"x":18,"y":4}},{"o":{"x":18,"y":4},"d":{"x":18,"y":3}},{"o":{"x":18,"y":3},"d":{"x":18,"y":2}},{"o":{"x":18,"y":2},"d":{"x":18,"y":1}},{"o":{"x":18,"y":1},"d":{"x":18}},{"o":{"x":3,"y":23},"d":{"x":4,"y":23}},{"o":{"x":4,"y":23},"d":{"x":5,"y":23}},{"o":{"x":5,"y":23},"d":{"x":6,"y":23}},{"o":{"x":6,"y":23},"d":{"x":7,"y":23}},{"o":{"x":7,"y":23},"d":{"x":8,"y":23}},{"o":{"x":8,"y":23},"d":{"x":9,"y":23}},{"o":{"x":9,"y":23},"d":{"x":10,"y":23}},{"o":{"x":10,"y":23},"d":{"x":11,"y":23}},{"o":{"x":11,"y":23},"d":{"x":12,"y":23}},{"o":{"x":12,"y":23},"d":{"x":13,"y":23}},{"o":{"x":13,"y":23},"d":{"x":14,"y":23}},{"o":{"x":14,"y":23},"d":{"x":15,"y":23}},{"o":{"x":15,"y":23},"d":{"x":16,"y":23}},{"o":{"x":16,"y":23},"d":{"x":17,"y":23}},{"o":{"x":17,"y":23},"d":{"x":18,"y":23}},{"o":{"y":23},"d":{"x":1,"y":23}},{"o":{"x":1,"y":23},"d":{"x":2,"y":23}},{"o":{"x":2,"y":23},"d":{"x":3,"y":23}},{"o":{"x":3},"d":{"x":4}},{"o":{"x":4},"d":{"x":5}},{"o":{"x":5},"d":{"x":6}},{"o":{"x":6},"d":{"x":7}},{"o":{"x":7},"d":{"x":8}},{"o":{"x":8},"d":{"x":9}},{"o":{"x":9},"d":{"x":10}},{"o":{"x":10},"d":{"x":11}},{"o":{"x":11},"d":{"x":12}},{"o":{"x":12},"d":{"x":13}},{"o":{"x":13},"d":{"x":14}},{"o":{"x":14},"d":{"x":15}},{"o":{"x":15},"d":{"x":16}},{"o":{"x":16},"d":{"x":17}},{"o":{"x":17},"d":{"x":18}},{"o":{},"d":{"x":1}},{"o":{"x":1},"d":{"x":2}},{"o":{"x":2},"d":{"x":3}},{"o":{"x":2,"y":13},"d":{"x":2,"y":12}},{"o":{"x":2,"y":18},"d":{"x":3,"y":18}},{"o":{"x":15,"y":18},"d":{"x":15,"y":17}},{"o":{"x":14,"y":5},"d":{"x":15,"y":5}},{"o":{"x":5,"y":6},"d":{"x":5,"y":5}},{"o":{"x":5,"y":1},"d":{"x":6,"y":1}},{"o":{"x":17,"y":2},"d":{"x":17,"y":1}},{"o":{"x":16,"y":22},"d":{"x":17,"y":22}},{"o":{"x":1,"y":22},"d":{"x":1,"y":21}},{"o":{"x":8,"y":8},"d":{"x":9,"y":8}},{"o":{"x":16,"y":9},"d":{"x":16,"y":8}},{"o":{"x":15,"y":3},"d":{"x":16,"y":3}},{"o":{"x":3,"y":4},"d":{"x":3,"y":3}},{"o":{"x":8,"y":20},"d":{"x":9,"y":20}},{"o":{"x":16,"y":20},"d":{"x":16,"y":19}},{"o":{"y":5},"d":{"x":1,"y":5}},{"o":{"x":14,"y":20},"d":{"x":15,"y":20}},{"o":{"x":17,"y":14},"d":{"x":18,"y":14}},{"o":{"x":9,"y":14},"d":{"x":9,"y":13}}],"i":[{"x":9.5,"y":22.5},{"x":0.5,"y":16.5},{"x":12.5,"y":22.5},{"x":12.5,"y":21.5},{"x":12.5,"y":20.5},{"x":12.5,"y":19.5},{"x":12.5,"y":18.5},{"x":12.5,"y":17.5},{"x":12.5,"y":16.5},{"x":12.5,"y":15.5},{"x":13.5,"y":22.5},{"x":13.5,"y":21.5},{"x":13.5,"y":20.5},{"x":13.5,"y":19.5},{"x":13.5,"y":18.5},{"x":13.5,"y":17.5},{"x":13.5,"y":16.5},{"x":13.5,"y":15.5},{"x":14.5,"y":22.5},{"x":14.5,"y":21.5},{"x":14.5,"y":20.5},{"x":14.5,"y":19.5},{"x":14.5,"y":18.5},{"x":14.5,"y":17.5},{"x":14.5,"y":16.5},{"x":14.5,"y":15.5},{"x":15.5,"y":22.5},{"x":15.5,"y":21.5},{"x":15.5,"y":20.5},{"x":15.5,"y":19.5},{"x":15.5,"y":18.5},{"x":15.5,"y":17.5},{"x":15.5,"y":16.5},{"x":15.5,"y":15.5},{"x":16.5,"y":22.5},{"x":16.5,"y":21.5},{"x":16.5,"y":20.5},{"x":16.5,"y":19.5},{"x":16.5,"y":18.5},{"x":16.5,"y":17.5},{"x":16.5,"y":16.5},{"x":16.5,"y":15.5},{"x":17.5,"y":22.5},{"x":17.5,"y":21.5},{"x":17.5,"y":20.5},{"x":17.5,"y":19.5},{"x":17.5,"y":18.5},{"x":17.5,"y":17.5},{"x":17.5,"y":16.5},{"x":17.5,"y":15.5},{"x":6.5,"y":22.5},{"x":6.5,"y":21.5},{"x":6.5,"y":20.5},{"x":6.5,"y":19.5},{"x":6.5,"y":18.5},{"x":6.5,"y":17.5},{"x":6.5,"y":16.5},{"x":6.5,"y":15.5},{"x":7.5,"y":22.5},{"x":7.5,"y":21.5},{"x":7.5,"y":20.5},{"x":7.5,"y":19.5},{"x":7.5,"y":18.5},{"x":7.5,"y":17.5},{"x":7.5,"y":16.5},{"x":7.5,"y":15.5},{"x":8.5,"y":22.5},{"x":8.5,"y":21.5},{"x":8.5,"y":20.5},{"x":8.5,"y":19.5},{"x":8.5,"y":18.5},{"x":8.5,"y":17.5},{"x":8.5,"y":16.5},{"x":8.5,"y":15.5},{"x":9.5,"y":21.5},{"x":9.5,"y":20.5},{"x":9.5,"y":19.5},{"x":9.5,"y":18.5},{"x":9.5,"y":17.5},{"x":9.5,"y":16.5},{"x":9.5,"y":15.5},{"x":10.5,"y":22.5},{"x":10.5,"y":21.5},{"x":10.5,"y":20.5},{"x":10.5,"y":19.5},{"x":10.5,"y":18.5},{"x":10.5,"y":17.5},{"x":10.5,"y":16.5},{"x":10.5,"y":15.5},{"x":11.5,"y":22.5},{"x":11.5,"y":21.5},{"x":11.5,"y":20.5},{"x":11.5,"y":19.5},{"x":11.5,"y":18.5},{"x":11.5,"y":17.5},{"x":11.5,"y":16.5},{"x":11.5,"y":15.5},{"x":0.5,"y":22.5},{"x":0.5,"y":21.5},{"x":0.5,"y":20.5},{"x":0.5,"y":19.5},{"x":0.5,"y":18.5},{"x":0.5,"y":17.5},{"x":0.5,"y":15.5},{"x":1.5,"y":22.5},{"x":1.5,"y":21.5},{"x":1.5,"y":20.5},{"x":1.5,"y":19.5},{"x":1.5,"y":18.5},{"x":1.5,"y":17.5},{"x":1.5,"y":16.5},{"x":1.5,"y":15.5},{"x":2.5,"y":22.5},{"x":2.5,"y":21.5},{"x":2.5,"y":20.5},{"x":2.5,"y":19.5},{"x":2.5,"y":18.5},{"x":2.5,"y":17.5},{"x":2.5,"y":16.5},{"x":2.5,"y":15.5},{"x":3.5,"y":22.5},{"x":3.5,"y":21.5},{"x":3.5,"y":20.5},{"x":3.5,"y":19.5},{"x":3.5,"y":18.5},{"x":3.5,"y":17.5},{"x":3.5,"y":16.5},{"x":3.5,"y":15.5},{"x":4.5,"y":22.5},{"x":4.5,"y":21.5},{"x":4.5,"y":20.5},{"x":4.5,"y":19.5},{"x":4.5,"y":18.5},{"x":4.5,"y":17.5},{"x":4.5,"y":16.5},{"x":4.5,"y":15.5},{"x":5.5,"y":22.5},{"x":5.5,"y":21.5},{"x":5.5,"y":20.5},{"x":5.5,"y":19.5},{"x":5.5,"y":18.5},{"x":5.5,"y":17.5},{"x":5.5,"y":16.5},{"x":5.5,"y":15.5},{"x":12.5,"y":14.5},{"x":12.5,"y":13.5},{"x":12.5,"y":12.5},{"x":12.5,"y":11.5},{"x":12.5,"y":10.5},{"x":12.5,"y":9.5},{"x":12.5,"y":8.5},{"x":12.5,"y":7.5},{"x":13.5,"y":14.5},{"x":13.5,"y":13.5},{"x":13.5,"y":12.5},{"x":13.5,"y":11.5},{"x":13.5,"y":10.5},{"x":13.5,"y":9.5},{"x":13.5,"y":8.5},{"x":13.5,"y":7.5},{"x":14.5,"y":14.5},{"x":14.5,"y":13.5},{"x":14.5,"y":12.5},{"x":14.5,"y":11.5},{"x":14.5,"y":10.5},{"x":14.5,"y":9.5},{"x":14.5,"y":8.5},{"x":14.5,"y":7.5},{"x":15.5,"y":14.5},{"x":15.5,"y":13.5},{"x":15.5,"y":12.5},{"x":15.5,"y":11.5},{"x":15.5,"y":10.5},{"x":15.5,"y":9.5},{"x":15.5,"y":8.5},{"x":15.5,"y":7.5},{"x":16.5,"y":14.5},{"x":16.5,"y":13.5},{"x":16.5,"y":12.5},{"x":16.5,"y":11.5},{"x":16.5,"y":10.5},{"x":16.5,"y":9.5},{"x":16.5,"y":8.5},{"x":16.5,"y":7.5},{"x":17.5,"y":14.5},{"x":17.5,"y":13.5},{"x":17.5,"y":12.5},{"x":17.5,"y":11.5},{"x":17.5,"y":10.5},{"x":17.5,"y":9.5},{"x":17.5,"y":8.5},{"x":17.5,"y":7.5},{"x":6.5,"y":14.5},{"x":6.5,"y":13.5},{"x":6.5,"y":12.5},{"x":6.5,"y":11.5},{"x":6.5,"y":10.5},{"x":6.5,"y":9.5},{"x":6.5,"y":8.5},{"x":6.5,"y":7.5},{"x":7.5,"y":14.5},{"x":7.5,"y":13.5},{"x":7.5,"y":12.5},{"x":7.5,"y":11.5},{"x":7.5,"y":10.5},{"x":7.5,"y":9.5},{"x":7.5,"y":8.5},{"x":7.5,"y":7.5},{"x":8.5,"y":14.5},{"x":8.5,"y":13.5},{"x":8.5,"y":12.5},{"x":8.5,"y":11.5},{"x":8.5,"y":10.5},{"x":8.5,"y":9.5},{"x":8.5,"y":8.5},{"x":8.5,"y":7.5},{"x":9.5,"y":14.5},{"x":9.5,"y":13.5},{"x":9.5,"y":12.5},{"x":9.5,"y":11.5},{"x":9.5,"y":10.5},{"x":9.5,"y":9.5},{"x":9.5,"y":8.5},{"x":9.5,"y":7.5},{"x":10.5,"y":14.5},{"x":10.5,"y":13.5},{"x":10.5,"y":12.5},{"x":10.5,"y":11.5},{"x":10.5,"y":10.5},{"x":10.5,"y":9.5},{"x":10.5,"y":8.5},{"x":10.5,"y":7.5},{"x":11.5,"y":14.5},{"x":11.5,"y":13.5},{"x":11.5,"y":12.5},{"x":11.5,"y":11.5},{"x":11.5,"y":10.5},{"x":11.5,"y":9.5},{"x":11.5,"y":8.5},{"x":11.5,"y":7.5},{"x":0.5,"y":14.5},{"x":0.5,"y":13.5},{"x":0.5,"y":12.5},{"x":0.5,"y":11.5},{"x":0.5,"y":10.5},{"x":0.5,"y":9.5},{"x":0.5,"y":8.5},{"x":0.5,"y":7.5},{"x":1.5,"y":14.5},{"x":1.5,"y":13.5},{"x":1.5,"y":12.5},{"x":1.5,"y":11.5},{"x":1.5,"y":10.5},{"x":1.5,"y":9.5},{"x":1.5,"y":8.5},{"x":1.5,"y":7.5},{"x":2.5,"y":14.5},{"x":2.5,"y":13.5},{"x":2.5,"y":12.5},{"x":2.5,"y":11.5},{"x":2.5,"y":10.5},{"x":2.5,"y":9.5},{"x":2.5,"y":8.5},{"x":2.5,"y":7.5},{"x":3.5,"y":14.5},{"x":3.5,"y":13.5},{"x":3.5,"y":12.5},{"x":3.5,"y":11.5},{"x":3.5,"y":10.5},{"x":3.5,"y":9.5},{"x":3.5,"y":8.5},{"x":3.5,"y":7.5},{"x":4.5,"y":14.5},{"x":4.5,"y":13.5},{"x":4.5,"y":12.5},{"x":4.5,"y":11.5},{"x":4.5,"y":10.5},{"x":4.5,"y":9.5},{"x":4.5,"y":8.5},{"x":4.5,"y":7.5},{"x":5.5,"y":14.5},{"x":5.5,"y":13.5},{"x":5.5,"y":12.5},{"x":5.5,"y":11.5},{"x":5.5,"y":10.5},{"x":5.5,"y":9.5},{"x":5.5,"y":8.5},{"x":5.5,"y":7.5},{"x":12.5,"y":6.5},{"x":12.5,"y":5.5},{"x":12.5,"y":4.5},{"x":12.5,"y":3.5},{"x":12.5,"y":2.5},{"x":12.5,"y":1.5},{"x":12.5,"y":0.5},{"x":13.5,"y":6.5},{"x":13.5,"y":5.5},{"x":13.5,"y":4.5},{"x":13.5,"y":3.5},{"x":13.5,"y":2.5},{"x":13.5,"y":1.5},{"x":13.5,"y":0.5},{"x":14.5,"y":6.5},{"x":14.5,"y":5.5},{"x":14.5,"y":4.5},{"x":14.5,"y":3.5},{"x":14.5,"y":2.5},{"x":14.5,"y":1.5},{"x":14.5,"y":0.5},{"x":15.5,"y":6.5},{"x":15.5,"y":5.5},{"x":15.5,"y":4.5},{"x":15.5,"y":3.5},{"x":15.5,"y":2.5},{"x":15.5,"y":1.5},{"x":15.5,"y":0.5},{"x":16.5,"y":6.5},{"x":16.5,"y":5.5},{"x":16.5,"y":4.5},{"x":16.5,"y":3.5},{"x":16.5,"y":2.5},{"x":16.5,"y":1.5},{"x":16.5,"y":0.5},{"x":17.5,"y":6.5},{"x":17.5,"y":5.5},{"x":17.5,"y":4.5},{"x":17.5,"y":3.5},{"x":17.5,"y":2.5},{"x":17.5,"y":1.5},{"x":17.5,"y":0.5},{"x":6.5,"y":6.5},{"x":6.5,"y":5.5},{"x":6.5,"y":4.5},{"x":6.5,"y":3.5},{"x":6.5,"y":2.5},{"x":6.5,"y":1.5},{"x":6.5,"y":0.5},{"x":7.5,"y":6.5},{"x":7.5,"y":5.5},{"x":7.5,"y":4.5},{"x":7.5,"y":3.5},{"x":7.5,"y":2.5},{"x":7.5,"y":1.5},{"x":7.5,"y":0.5},{"x":8.5,"y":6.5},{"x":8.5,"y":5.5},{"x":8.5,"y":4.5},{"x":8.5,"y":3.5},{"x":8.5,"y":2.5},{"x":8.5,"y":1.5},{"x":8.5,"y":0.5},{"x":9.5,"y":6.5},{"x":9.5,"y":5.5},{"x":9.5,"y":4.5},{"x":9.5,"y":3.5},{"x":9.5,"y":2.5},{"x":9.5,"y":1.5},{"x":9.5,"y":0.5},{"x":10.5,"y":6.5},{"x":10.5,"y":5.5},{"x":10.5,"y":4.5},{"x":10.5,"y":3.5},{"x":10.5,"y":2.5},{"x":10.5,"y":1.5},{"x":10.5,"y":0.5},{"x":11.5,"y":6.5},{"x":11.5,"y":5.5},{"x":11.5,"y":4.5},{"x":11.5,"y":3.5},{"x":11.5,"y":2.5},{"x":11.5,"y":1.5},{"x":11.5,"y":0.5},{"x":0.5,"y":6.5},{"x":0.5,"y":5.5},{"x":0.5,"y":4.5},{"x":0.5,"y":3.5},{"x":0.5,"y":2.5},{"x":0.5,"y":1.5},{"x":0.5,"y":0.5},{"x":1.5,"y":6.5},{"x":1.5,"y":5.5},{"x":1.5,"y":4.5},{"x":1.5,"y":3.5},{"x":1.5,"y":2.5},{"x":1.5,"y":1.5},{"x":1.5,"y":0.5},{"x":2.5,"y":6.5},{"x":2.5,"y":5.5},{"x":2.5,"y":4.5},{"x":2.5,"y":3.5},{"x":2.5,"y":2.5},{"x":2.5,"y":1.5},{"x":2.5,"y":0.5},{"x":3.5,"y":6.5},{"x":3.5,"y":5.5},{"x":3.5,"y":4.5},{"x":3.5,"y":3.5},{"x":3.5,"y":2.5},{"x":3.5,"y":1.5},{"x":3.5,"y":0.5},{"x":4.5,"y":6.5},{"x":4.5,"y":5.5},{"x":4.5,"y":4.5},{"x":4.5,"y":3.5},{"x":4.5,"y":2.5},{"x":4.5,"y":1.5},{"x":4.5,"y":0.5},{"x":5.5,"y":6.5},{"x":5.5,"y":5.5},{"x":5.5,"y":4.5},{"x":5.5,"y":3.5},{"x":5.5,"y":2.5},{"x":5.5,"y":1.5},{"x":5.5,"y":0.5}],"e":[],"t":[]}