{"r":18,"c":14,"s":{"x":2,"y":15},"f":{"x":10,"y":3},"h":[{"x":2,"y":14},{"x":3,"y":14},{"x":4,"y":14},{"x":4,"y":15},{"x":4,"y":16},{"x":3,"y":16},{"x":3,"y":17},{"x":2,"y":17},{"x":1,"y":17},{"y":17},{"y":16},{"y":15},{"y":14},{"y":13},{"x":1,"y":13},{"x":1,"y":12},{"x":1,"y":11},{"x":2,"y":11},{"x":2,"y":10},{"x":1,"y":10},{"x":1,"y":9},{"x":2,"y":9},{"x":2,"y":8},{"x":2,"y":7},{"x":1,"y":7},{"x":1,"y":6},{"x":2,"y":6},{"x":2,"y":5},{"x":3,"y":5},{"x":3,"y":6},{"x":3,"y":7},{"x":4,"y":7},{"x":4,"y":8},{"x":5,"y":8},{"x":5,"y":9},{"x":5,"y":10},{"x":5,"y":11},{"x":4,"y":11},{"x":4,"y":12},{"x":4,"y":13},{"x":5,"y":13},{"x":6,"y":13},{"x":6,"y":14},{"x":6,"y":15},{"x":5,"y":15},{"x":5,"y":16},{"x":5,"y":17},{"x":6,"y":17},{"x":7,"y":17},{"x":7,"y":16},{"x":7,"y":15},{"x":7,"y":14},{"x":7,"y":13},{"x":8,"y":13},{"x":8,"y":12},{"x":8,"y":11},{"x":8,"y":10},{"x":7,"y":10},{"x":7,"y":9},{"x":7,"y":8},{"x":7,"y":7},{"x":6,"y":7},{"x":5,"y":7},{"x":5,"y":6},{"x":5,"y":5},{"x":4,"y":5},{"x":4,"y":4},{"x":5,"y":4},{"x":5,"y":3},{"x":6,"y":3},{"x":7,"y":3},{"x":7,"y":2},{"x":7,"y":1},{"x":8,"y":1},{"x":8,"y":2},{"x":8,"y":3},{"x":9,"y":3}],"w":[{"o":{"x":4,"y":18},"d":{"x":4,"y":17}},{"o":{"x":5,"y":18},"d":{"x":5,"y":17}},{"o":{"x":8,"y":18},"d":{"x":8,"y":17}},{"o":{"x":9,"y":18},"d":{"x":9,"y":17}},{"o":{"x":4,"y":18},"d":{"x":5,"y":18}},{"o":{"x":5,"y":18},"d":{"x":6,"y":18}},{"o":{"x":9,"y":18},"d":{"x":10,"y":18}},{"o":{"x":3,"y":18},"d":{"x":4,"y":18}},{"o":{"x":6,"y":18},"d":{"x":7,"y":18}},{"o":{"x":7,"y":18},"d":{"x":8,"y":18}},{"o":{"x":8,"y":18},"d":{"x":9,"y":18}},{"o":{"x":2,"y":18},"d":{"x":3,"y":18}},{"o":{"x":1,"y":18},"d":{"x":2,"y":18}},{"o":{"x":10,"y":18},"d":{"x":11,"y":18}},{"o":{"y":18},"d":{"y":17}},{"o":{"x":14,"y":18},"d":{"x":14,"y":17}},{"o":{"x":13,"y":18},"d":{"x":14,"y":18}},{"o":{"x":12,"y":18},"d":{"x":13,"y":18}},{"o":{"x":11,"y":18},"d":{"x":12,"y":18}},{"o":{"y":18},"d":{"x":1,"y":18}},{"o":{"x":3,"y":2},"d":{"x":4,"y":2}},{"o":{"x":1,"y":2},"d":{"x":2,"y":2}},{"o":{"x":10,"y":2},"d":{"x":11,"y":2}},{"o":{"x":12,"y":2},"d":{"x":13,"y":2}},{"o":{"y":2},"d":{"x":1,"y":2}},{"o":{"x":5,"y":3},"d":{"x":6,"y":3}},{"o":{"x":6,"y":3},"d":{"x":7,"y":3}},{"o":{"x":2,"y":3},"d":{"x":3,"y":3}},{"o":{"x":1,"y":3},"d":{"x":2,"y":3}},{"o":{"x":13,"y":3},"d":{"x":14,"y":3}},{"o":{"x":11,"y":3},"d":{"x":12,"y":3}},{"o":{"x":4,"y":4},"d":{"x":5,"y":4}},{"o":{"x":9,"y":4},"d":{"x":10,"y":4}},{"o":{"x":3,"y":4},"d":{"x":4,"y":4}},{"o":{"x":7,"y":4},"d":{"x":8,"y":4}},{"o":{"x":8,"y":4},"d":{"x":9,"y":4}},{"o":{"x":12,"y":4},"d":{"x":13,"y":4}},{"o":{"x":11,"y":4},"d":{"x":12,"y":4}},{"o":{"x":4,"y":1},"d":{"x":5,"y":1}},{"o":{"x":9,"y":1},"d":{"x":10,"y":1}},{"o":{"x":6,"y":1},"d":{"x":7,"y":1}},{"o":{"x":7,"y":1},"d":{"x":8,"y":1}},{"o":{"x":8,"y":1},"d":{"x":9,"y":1}},{"o":{"x":2,"y":1},"d":{"x":3,"y":1}},{"o":{"x":11,"y":1},"d":{"x":12,"y":1}},{"o":{"x":4},"d":{"x":5}},{"o":{"x":5},"d":{"x":6}},{"o":{"x":9},"d":{"x":10}},{"o":{"x":3},"d":{"x":4}},{"o":{"x":6},"d":{"x":7}},{"o":{"x":7},"d":{"x":8}},{"o":{"x":8},"d":{"x":9}},{"o":{"x":2},"d":{"x":3}},{"o":{"x":1},"d":{"x":2}},{"o":{"x":10},"d":{"x":11}},{"o":{"x":13},"d":{"x":14}},{"o":{"x":12},"d":{"x":13}},{"o":{"x":11},"d":{"x":12}},{"o":{},"d":{"x":1}},{"o":{"y":3},"d":{"y":2}},{"o":{"y":2},"d":{"y":1}},{"o":{"y":5},"d":{"y":4}},{"o":{"y":4},"d":{"y":3}},{"o":{"y":1},"d":{}},{"o":{"x":14,"y":3},"d":{"x":14,"y":2}},{"o":{"x":14,"y":2},"d":{"x":14,"y":1}},{"o":{"x":14,"y":5},"d":{"x":14,"y":4}},{"o":{"x":14,"y":4},"d":{"x":14,"y":3}},{"o":{"x":14,"y":1},"d":{"x":14}},{"o":{"x":13,"y":3},"d":{"x":13,"y":2}},{"o":{"x":13,"y":2},"d":{"x":13,"y":1}},{"o":{"x":12,"y":4},"d":{"x":12,"y":3}},{"o":{"x":11,"y":3},"d":{"x":11,"y":2}},{"o":{"x":11,"y":5},"d":{"x":11,"y":4}},{"o":{"x":11,"y":1},"d":{"x":11}},{"o":{"x":10,"y":3},"d":{"x":10,"y":2}},{"o":{"x":10,"y":2},"d":{"x":10,"y":1}},{"o":{"x":9,"y":3},"d":{"x":9,"y":2}},{"o":{"x":9,"y":2},"d":{"x":9,"y":1}},{"o":{"x":9,"y":5},"d":{"x":9,"y":4}},{"o":{"x":8,"y":3},"d":{"x":8,"y":2}},{"o":{"x":8,"y":4},"d":{"x":8,"y":3}},{"o":{"x":7,"y":3},"d":{"x":7,"y":2}},{"o":{"x":7,"y":2},"d":{"x":7,"y":1}},{"o":{"x":7,"y":5},"d":{"x":7,"y":4}},{"o":{"x":6,"y":2},"d":{"x":6,"y":1}},{"o":{"x":6,"y":5},"d":{"x":6,"y":4}},{"o":{"x":5,"y":3},"d":{"x":5,"y":2}},{"o":{"x":5,"y":4},"d":{"x":5,"y":3}},{"o":{"x":5,"y":1},"d":{"x":5}},{"o":{"x":4,"y":2},"d":{"x":4,"y":1}},{"o":{"x":4,"y":5},"d":{"x":4,"y":4}},{"o":{"x":4,"y":4},"d":{"x":4,"y":3}},{"o":{"x":3,"y":3},"d":{"x":3,"y":2}},{"o":{"x":2,"y":2},"d":{"x":2,"y":1}},{"o":{"x":2,"y":5},"d":{"x":2,"y":4}},{"o":{"x":2,"y":4},"d":{"x":2,"y":3}},{"o":{"x":1,"y":5},"d":{"x":1,"y":4}},{"o":{"x":1,"y":1},"d":{"x":1}},{"o":{"x":4,"y":7},"d":{"x":5,"y":7}},{"o":{"x":9,"y":7},"d":{"x":10,"y":7}},{"o":{"x":6,"y":7},"d":{"x":7,"y":7}},{"o":{"x":7,"y":7},"d":{"x":8,"y":7}},{"o":{"x":2,"y":7},"d":{"x":3,"y":7}},{"o":{"x":11,"y":7},"d":{"x":12,"y":7}},{"o":{"x":5,"y":8},"d":{"x":6,"y":8}},{"o":{"x":3,"y":8},"d":{"x":4,"y":8}},{"o":{"x":6,"y":8},"d":{"x":7,"y":8}},{"o":{"x":8,"y":8},"d":{"x":9,"y":8}},{"o":{"x":1,"y":8},"d":{"x":2,"y":8}},{"o":{"x":4,"y":9},"d":{"x":5,"y":9}},{"o":{"x":1,"y":9},"d":{"x":2,"y":9}},{"o":{"x":12,"y":9},"d":{"x":13,"y":9}},{"o":{"x":4,"y":6},"d":{"x":5,"y":6}},{"o":{"x":9,"y":6},"d":{"x":10,"y":6}},{"o":{"x":1,"y":6},"d":{"x":2,"y":6}},{"o":{"x":10,"y":6},"d":{"x":11,"y":6}},{"o":{"x":5,"y":5},"d":{"x":6,"y":5}},{"o":{"x":9,"y":5},"d":{"x":10,"y":5}},{"o":{"x":2,"y":5},"d":{"x":3,"y":5}},{"o":{"x":10,"y":5},"d":{"x":11,"y":5}},{"o":{"x":13,"y":5},"d":{"x":14,"y":5}},{"o":{"y":5},"d":{"x":1,"y":5}},{"o":{"y":8},"d":{"y":7}},{"o":{"y":7},"d":{"y":6}},{"o":{"y":10},"d":{"y":9}},{"o":{"y":9},"d":{"y":8}},{"o":{"y":6},"d":{"y":5}},{"o":{"x":14,"y":8},"d":{"x":14,"y":7}},{"o":{"x":14,"y":7},"d":{"x":14,"y":6}},{"o":{"x":14,"y":10},"d":{"x":14,"y":9}},{"o":{"x":14,"y":9},"d":{"x":14,"y":8}},{"o":{"x":14,"y":6},"d":{"x":14,"y":5}},{"o":{"x":13,"y":8},"d":{"x":13,"y":7}},{"o":{"x":13,"y":7},"d":{"x":13,"y":6}},{"o":{"x":13,"y":10},"d":{"x":13,"y":9}},{"o":{"x":13,"y":6},"d":{"x":13,"y":5}},{"o":{"x":12,"y":7},"d":{"x":12,"y":6}},{"o":{"x":12,"y":9},"d":{"x":12,"y":8}},{"o":{"x":12,"y":6},"d":{"x":12,"y":5}},{"o":{"x":11,"y":8},"d":{"x":11,"y":7}},{"o":{"x":11,"y":9},"d":{"x":11,"y":8}},{"o":{"x":11,"y":6},"d":{"x":11,"y":5}},{"o":{"x":10,"y":8},"d":{"x":10,"y":7}},{"o":{"x":10,"y":10},"d":{"x":10,"y":9}},{"o":{"x":10,"y":9},"d":{"x":10,"y":8}},{"o":{"x":9,"y":7},"d":{"x":9,"y":6}},{"o":{"x":9,"y":10},"d":{"x":9,"y":9}},{"o":{"x":8,"y":8},"d":{"x":8,"y":7}},{"o":{"x":8,"y":7},"d":{"x":8,"y":6}},{"o":{"x":8,"y":10},"d":{"x":8,"y":9}},{"o":{"x":8,"y":9},"d":{"x":8,"y":8}},{"o":{"x":8,"y":6},"d":{"x":8,"y":5}},{"o":{"x":7,"y":10},"d":{"x":7,"y":9}},{"o":{"x":7,"y":9},"d":{"x":7,"y":8}},{"o":{"x":7,"y":6},"d":{"x":7,"y":5}},{"o":{"x":6,"y":7},"d":{"x":6,"y":6}},{"o":{"x":6,"y":10},"d":{"x":6,"y":9}},{"o":{"x":6,"y":9},"d":{"x":6,"y":8}},{"o":{"x":6,"y":6},"d":{"x":6,"y":5}},{"o":{"x":5,"y":8},"d":{"x":5,"y":7}},{"o":{"x":5,"y":7},"d":{"x":5,"y":6}},{"o":{"x":5,"y":10},"d":{"x":5,"y":9}},{"o":{"x":4,"y":9},"d":{"x":4,"y":8}},{"o":{"x":4,"y":6},"d":{"x":4,"y":5}},{"o":{"x":3,"y":8},"d":{"x":3,"y":7}},{"o":{"x":3,"y":7},"d":{"x":3,"y":6}},{"o":{"x":3,"y":10},"d":{"x":3,"y":9}},{"o":{"x":3,"y":9},"d":{"x":3,"y":8}},{"o":{"x":2,"y":9},"d":{"x":2,"y":8}},{"o":{"x":2,"y":6},"d":{"x":2,"y":5}},{"o":{"x":1,"y":8},"d":{"x":1,"y":7}},{"o":{"x":1,"y":7},"d":{"x":1,"y":6}},{"o":{"x":1,"y":10},"d":{"x":1,"y":9}},{"o":{"x":5,"y":12},"d":{"x":6,"y":12}},{"o":{"x":6,"y":12},"d":{"x":7,"y":12}},{"o":{"x":2,"y":12},"d":{"x":3,"y":12}},{"o":{"x":10,"y":12},"d":{"x":11,"y":12}},{"o":{"x":12,"y":12},"d":{"x":13,"y":12}},{"o":{"x":5,"y":13},"d":{"x":6,"y":13}},{"o":{"x":9,"y":13},"d":{"x":10,"y":13}},{"o":{"x":6,"y":13},"d":{"x":7,"y":13}},{"o":{"x":7,"y":13},"d":{"x":8,"y":13}},{"o":{"x":11,"y":13},"d":{"x":12,"y":13}},{"o":{"y":13},"d":{"x":1,"y":13}},{"o":{"x":4,"y":14},"d":{"x":5,"y":14}},{"o":{"x":5,"y":14},"d":{"x":6,"y":14}},{"o":{"x":3,"y":14},"d":{"x":4,"y":14}},{"o":{"x":8,"y":14},"d":{"x":9,"y":14}},{"o":{"x":2,"y":14},"d":{"x":3,"y":14}},{"o":{"x":1,"y":14},"d":{"x":2,"y":14}},{"o":{"x":12,"y":14},"d":{"x":13,"y":14}},{"o":{"x":4,"y":11},"d":{"x":5,"y":11}},{"o":{"x":9,"y":11},"d":{"x":10,"y":11}},{"o":{"x":7,"y":11},"d":{"x":8,"y":11}},{"o":{"x":1,"y":11},"d":{"x":2,"y":11}},{"o":{"x":3,"y":10},"d":{"x":4,"y":10}},{"o":{"x":8,"y":10},"d":{"x":9,"y":10}},{"o":{"x":2,"y":10},"d":{"x":3,"y":10}},{"o":{"x":10,"y":10},"d":{"x":11,"y":10}},{"o":{"x":11,"y":10},"d":{"x":12,"y":10}},{"o":{"y":13},"d":{"y":12}},{"o":{"y":12},"d":{"y":11}},{"o":{"y":15},"d":{"y":14}},{"o":{"y":14},"d":{"y":13}},{"o":{"y":11},"d":{"y":10}},{"o":{"x":14,"y":13},"d":{"x":14,"y":12}},{"o":{"x":14,"y":12},"d":{"x":14,"y":11}},{"o":{"x":14,"y":15},"d":{"x":14,"y":14}},{"o":{"x":14,"y":14},"d":{"x":14,"y":13}},{"o":{"x":14,"y":11},"d":{"x":14,"y":10}},{"o":{"x":13,"y":13},"d":{"x":13,"y":12}},{"o":{"x":13,"y":14},"d":{"x":13,"y":13}},{"o":{"x":13,"y":11},"d":{"x":13,"y":10}},{"o":{"x":12,"y":12},"d":{"x":12,"y":11}},{"o":{"x":12,"y":15},"d":{"x":12,"y":14}},{"o":{"x":12,"y":11},"d":{"x":12,"y":10}},{"o":{"x":11,"y":13},"d":{"x":11,"y":12}},{"o":{"x":11,"y":12},"d":{"x":11,"y":11}},{"o":{"x":11,"y":14},"d":{"x":11,"y":13}},{"o":{"x":11,"y":11},"d":{"x":11,"y":10}},{"o":{"x":10,"y":15},"d":{"x":10,"y":14}},{"o":{"x":10,"y":14},"d":{"x":10,"y":13}},{"o":{"x":9,"y":13},"d":{"x":9,"y":12}},{"o":{"x":9,"y":12},"d":{"x":9,"y":11}},{"o":{"x":9,"y":15},"d":{"x":9,"y":14}},{"o":{"x":9,"y":14},"d":{"x":9,"y":13}},{"o":{"x":9,"y":11},"d":{"x":9,"y":10}},{"o":{"x":8,"y":13},"d":{"x":8,"y":12}},{"o":{"x":8,"y":12},"d":{"x":8,"y":11}},{"o":{"x":8,"y":15},"d":{"x":8,"y":14}},{"o":{"x":7,"y":15},"d":{"x":7,"y":14}},{"o":{"x":7,"y":14},"d":{"x":7,"y":13}},{"o":{"x":7,"y":11},"d":{"x":7,"y":10}},{"o":{"x":6,"y":12},"d":{"x":6,"y":11}},{"o":{"x":6,"y":15},"d":{"x":6,"y":14}},{"o":{"x":6,"y":11},"d":{"x":6,"y":10}},{"o":{"x":5,"y":11},"d":{"x":5,"y":10}},{"o":{"x":4,"y":13},"d":{"x":4,"y":12}},{"o":{"x":4,"y":12},"d":{"x":4,"y":11}},{"o":{"x":4,"y":14},"d":{"x":4,"y":13}},{"o":{"x":3,"y":13},"d":{"x":3,"y":12}},{"o":{"x":3,"y":12},"d":{"x":3,"y":11}},{"o":{"x":3,"y":11},"d":{"x":3,"y":10}},{"o":{"x":2,"y":14},"d":{"x":2,"y":13}},{"o":{"x":1,"y":12},"d":{"x":1,"y":11}},{"o":{"x":1,"y":15},"d":{"x":1,"y":14}},{"o":{"x":1,"y":11},"d":{"x":1,"y":10}},{"o":{"x":5,"y":15},"d":{"x":6,"y":15}},{"o":{"x":3,"y":15},"d":{"x":4,"y":15}},{"o":{"x":1,"y":15},"d":{"x":2,"y":15}},{"o":{"x":10,"y":15},"d":{"x":11,"y":15}},{"o":{"x":11,"y":15},"d":{"x":12,"y":15}},{"o":{"x":9,"y":16},"d":{"x":10,"y":16}},{"o":{"x":3,"y":16},"d":{"x":4,"y":16}},{"o":{"x":6,"y":16},"d":{"x":7,"y":16}},{"o":{"x":1,"y":16},"d":{"x":2,"y":16}},{"o":{"x":12,"y":16},"d":{"x":13,"y":16}},{"o":{"x":9,"y":17},"d":{"x":10,"y":17}},{"o":{"x":6,"y":17},"d":{"x":7,"y":17}},{"o":{"x":2,"y":17},"d":{"x":3,"y":17}},{"o":{"x":1,"y":17},"d":{"x":2,"y":17}},{"o":{"x":10,"y":17},"d":{"x":11,"y":17}},{"o":{"x":11,"y":17},"d":{"x":12,"y":17}},{"o":{"y":16},"d":{"y":15}},{"o":{"y":17},"d":{"y":16}},{"o":{"x":14,"y":16},"d":{"x":14,"y":15}},{"o":{"x":14,"y":17},"d":{"x":14,"y":16}},{"o":{"x":13,"y":16},"d":{"x":13,"y":15}},{"o":{"x":13,"y":17},"d":{"x":13,"y":16}},{"o":{"x":12,"y":17},"d":{"x":12,"y":16}},{"o":{"x":11,"y":16},"d":{"x":11,"y":15}},{"o":{"x":9,"y":16},"d":{"x":9,"y":15}},{"o":{"x":8,"y":16},"d":{"x":8,"y":15}},{"o":{"x":8,"y":17},"d":{"x":8,"y":16}},{"o":{"x":7,"y":16},"d":{"x":7,"y":15}},{"o":{"x":6,"y":17},"d":{"x":6,"y":16}},{"o":{"x":5,"y":16},"d":{"x":5,"y":15}},{"o":{"x":5,"y":17},"d":{"x":5,"y":16}},{"o":{"x":4,"y":16},"d":{"x":4,"y":15}},{"o":{"x":3,"y":17},"d":{"x":3,"y":16}},{"o":{"x":2,"y":17},"d":{"x":2,"y":16}},{"o":{"x":1,"y":16},"d":{"x":1,"y":15}}],"i":[],"e":[],"t":[]}